"id","dob_m","dob_d","dob_y","age","sex","gender","gender_other","ethnicity","race","education","health","household_n","household_income","occupation","ladder_US","ladder_community","use_data","age_group"
"65c1499964a50727ccd1b540","9","10","93","31","2","2",NA,"2","2","9","2","2","9","Research Analyst","6","3","1","ya"
"65c11d2835f98bf54f7fcdee","3","24","96","28","2","2",NA,"2","2","4","3","3","5","Customer Service Representative","4","5","1","ya"
"63d83e6e48dd3f8da9458dd3","11","10","84","40","2","2",NA,"2","1","1","4","2","2","artist","1","2","1","ya"
"63d41123bd9ac5e95fc74616","4","6","96","28","2","2",NA,"2","1","8","3","2","5","student","5","5","1","ya"
"62e99c5ba3484be10c322440","8","12","91","33","1","1",NA,"2","1","1","2","4","6","Homemaker","4","4","1","ya"
"655f9d1c94dedff4c7b786e8","2","19","92","32","2","2",NA,"2","2","4","3","4","5","Retail","5","5","1","ya"
"65786ed4594f411b4eb9ed13","8","3","97","27","1","1",NA,"2","1","6","4","1","7","Government Analyst","5","5","1","ya"
"63d80a392c05f6a765d9e63a","12","1","86","38","1","1",NA,"2","3","6","4","4","6","Product Design","5","5","1","ya"
"65c2a02accc966d0a033fe6a","8","25","95","29","2","2",NA,"2","2","6","2","1","8","Marketing","7","9","1","ya"
"6441a242a7d85d5c3e49a173","6","20","91","33","1","1",NA,"2","2","3","1","1","8","Software Engineer","8","9","1","ya"
"60fcefe49e61a0aa689df3c8","1","18","97","28","2","2",NA,"1","1","5","3","2","3","Content creator","5","4","1","ya"
"6101f6f45269e30a22fc4526","12","6","97","27","2","2",NA,"2","1","4","2","4","1","n/a","6","6","1","ya"
"65c14559b08873161332b3a4","2","1","97","28","2","2",NA,"2","2","4","4","3","2","Homemaker","3","3","1","ya"
"628feaaa86e683cdbebf98a0","8","23","95","29","1","1",NA,"2","1","7","1","1","8","nurse practitioner","7","7","1","ya"
"5e2a52f3b023d50c19d98c12","1","1","91","34","2","2",NA,"2","1","7","1","1","4","researcher","4","3","1","ya"
"572535bba34b2a001306827c","2","23","87","37","1","1",NA,"1","2","6","4","2","5","healthcare","4","5","1","ya"
"61549a2caa92d84f392000e9","9","28","93","29","2","2",NA,"2","1","6","3","3","9","student","10","10","1","ya"
"5ab56fdff69e940001d8da97","9","18","88","36","2","2",NA,"2","1","6","3","1","4","teacher","6","6","1","ya"
"6329c3f65e49f1fe88e850e4","11","29","92","32","1","1",NA,"2","1","6","3","3","8","IT Technician","5","5","1","ya"
"60c382725a7a55abef2e8e99","8","4","86","38","2","2",NA,"2","1","9","4","1","1","research scientist","3","3","1","ya"
"61313473de5462f652bb133c","3","4","94","30","1","1",NA,"1","1","5","4","3","5","IT Support","4","4","1","ya"
"612274842d4805447451f87b","10","1","95","29","2","2",NA,"2","2","5","2","4","6","Cook","4","5","1","ya"
"63bc72e1171fb0c2103c571f","2","14","96","28","2","1",NA,"2","1","4","4","3","4","Medical Assistant","4","4","1","ya"
"64f22ad418d6bb613bca00e4","7","19","86","38","2","2",NA,"2","1","4","2","4","4","inventory specialist","3","3","1","ya"
"627448a7458cf55c0cdea3bb","4","11","95","29","1","1",NA,"2","1","3","3","2","3","Data Entry","2","2","1","ya"
"63d7d63f02fe0c728604e529","4","14","86","38","2","2",NA,"2","2","6","5","3","7","caregiver","6","5","1","ya"
"65c14d587a287ab18ec848ff","8","23","96","28","2","2",NA,"2","2","6","3","1","5","Full time office manager","4","5","1","ya"
"5ba854ed7c0ebe0001272f2d","6","5","92","32","1","1",NA,"2","1","6","2","1","6","Warehouse Associate","5","5","1","ya"
"61075af85969d97b256603cc","9","12","99","25","2","2",NA,"2","1","6","2","1","3","Yoga and Pilates Teacher","4","4","1","ya"
"63106ea4e8fe9c6cd32bf358","6","17","96","29","1","1",NA,"2","2","3","2","1","3","factory","4","3","1","ya"
"650c40c479ccdb86aefdb0fc","4","8","98","26","2","2",NA,"2","1","7","1","2","9","teacher","7","7","1","ya"
"61281debe85082cc937dd9ae","8","20","92","32","2","2",NA,"2","1","7","2","2","10","Teacher","7","7","1","ya"
"60bec2aeb32067ea868876ec","9","24","93","31","2","2",NA,"2","2","4","2","2","3","Self-employed","5","5","1","ya"
"65c10ec0fa8fd299fde6c3e6","11","23","94","30","2","2",NA,"2","2","6","3","2","8","hr manager","5","6","1","ya"
"63d2f3294efc674f84b302d2","4","23","98","26","1","1",NA,"1","4","3","2","5","9","supervisor","5","5","1","ya"
"5effc7a64495250cbb0d8de8","6","24","82","42","1","1",NA,"2","3","7","3","3","6","Finance Manager","5","5","1","ya"
"654b9e50dc38506c10831a0b","5","25","89","36","1","1",NA,"2","2","7","2","4","8","software engineer","5","5","1","ya"
"5f5834134283933a1c3b42d0","3","1","86","38","1","1",NA,"2","1","6","2","3","5","soda pop brewer","3","3","1","ya"
"655b69652f36b1478b77b436","11","11","96","28","2","2",NA,"2","1","7","2","2","8","Assistant Project Manager","6","5","1","ya"
"5d4bed118cbe900016c1f6d0","7","18","92","32","1","1",NA,"2","1","6","2","1","7","Plumbing Manager","6","6","1","ya"
"60a6a11c62b01a1af9610303","9","6","91","29","2","2",NA,"2","3","6","2","2","5","assistant","6","5","1","ya"
"5bb4212e78330e000177ef69","1","2","90","34","1","1",NA,"2","1","6","2","4","7","analyst","7","7","1","ya"
"5cedc6a0af7838001999ab96","11","17","99","25","2","2",NA,"2","1","6","3","3","5","Student (was, currently unemployed and looking for work)","6","6","1","ya"
"60fde5e29e585481874a9d16","9","16","83","41","2","3",NA,"2","1","4","4","2","6","manufacturing","3","4","1","ya"
"5b33034d975e260001e981c9","8","1","96","28","2","2",NA,"2","1","5","2","3","6","Student","6","6","1","ya"
"5faead22421a230a0a7c2e8d","6","26","87","37","2","2",NA,"2","1","6","2","5","8","csr","5","7","1","ya"
"5b9ec956c8a17f000171f7ad","10","19","87","37","1","1",NA,"2","1","6","2","1","2","graphic design","3","3","1","ya"
"5dd31760fb7d41000c6610e3","12","13","90","34","2","2",NA,"2","1","4","2","5","7","shift supervisor","6","7","1","ya"
"5c3d07a85a994b0001c10bb2","4","4","96","28","1","1",NA,"2","2","1","4","5","3",NA,"2","3","2","ya"
"5f13cd9693d2ed043a5e7c96","1","18","94","31","1","1",NA,"2","1","6","3","3","6","Data Entry","6","6","1","ya"
"5c92aa671ce0cd00128c6c86","10","27","90","34","1","1",NA,"2","1","7","3","2","8","engineer","6","6","1","ya"
"5fa0a2400f2ecd114f39f738","6","26","90","34","1","1",NA,"2","2","5","4","1","5","Retired veteran","4","4","1","ya"
"655a2d30bcd51e704720645a","1","20","82","43","2","2",NA,"2","1","9","1","2","9","Administrator in a school","8","6","1","ya"
"6529803fa8425da3fdfe0ff8","9","21","89","35","1","4","Nonbinary","2","1","6","5","4","2","Game Designer","3","2","1","ya"
"6418e61f3b8276ec30d33995","1","29","100","25","1","1",NA,"2","2","6","2","3","6","Freelancer","5","4","1","ya"
"633599d83df1823b08ae2e61","3","1","93","31","1","1",NA,"2","1","3","4","1","4","coordinator","3","3","1","ya"
"5c55c45f53fba80001bcf323","5","25","92","32","2","2",NA,"1","1","2","5","2","1","food prep","3","3","1","ya"
"65414cda9a480bffb5d94ef7","2","2","90","34","1","2",NA,"1","1","6","1","5","8","Care coordinator","4","4","1","ya"
"62b09bc02efbcc7d0dd81f3b","11","5","96","28","1","1",NA,"2","1","5","4","3","9","none","4","4","1","ya"
"5c7c69fa2e2df80016d43986","6","2","98","26","1","1",NA,"1","1","4","3","3","5","self employed","4","4","1","ya"
"5cc9e61b7f76370017cfd5c7","11","5","90","34","2","2",NA,"2","1","7","2","4","8","Developer","5","5","1","ya"
"6328ddce9adceb215c2334ee","2","11","94","30","1","1",NA,"2","2","4","2","3","7","Software Engineer","5","5","1","ya"
"651c68265a8d5b5c6d589acf","11","1","98","26","2","2",NA,"1","1","7","3","2","3","records assistant","5","4","1","ya"
"651c267cadc54f1b3e611efa","8","17","98","26","2","2",NA,"1","1","4","2","3","5","Security Guard","3","4","1","ya"
"589ce4d65e63bf00013b3175","11","1","95","29","2","2",NA,"2","1","4","2","2","4","artist","4","3","1","ya"
"60234c1d5a0cf81cba76ce5d","1","18","98","27","2","2",NA,"2","2","6","1","1","2","Full-Time Student","2","2","1","ya"
"633a35fc5b65d7fa6965c176","9","24","93","31","1","1",NA,"2","4","4","1","1","1","Homemaker","5","5","1","ya"
"63bf745cc01669a110ec48ba","1","10","85","40","2","2",NA,"2","1","4","2","3","3","student","5","8","1","ya"
"62a42874616cea6120350ad9","1","15","90","35","1","1",NA,"2","1","4","3","2","8","retail manager","6","6","1","ya"
"640152774945eb00209175b4","12","30","89","35","1","1",NA,"1","1","6","2","1","5","Senior Video Editor","5","5","1","ya"
"5aef97b09516fe00010959f4","9","9","94","30","2","2",NA,"2","1","6","3","2","2","tutor","3","4","1","ya"
"60c18d0606115c8eecb6091b","1","25","91","34","2","2",NA,"1","4","4","1","2","2","self employed","5","5","1","ya"
"5df11e6cdc85350234932daa","7","6","84","40","2","2",NA,"2","2","7","2","4","8","Nursing","6","7","1","ya"
"60cbb3a438a8a5ef8d42ee21","10","7","81","43","2","2",NA,"2","2","3","2","3","4","Income Tax Clerk","3","5","1","ya"
"63e885e4e1fc973179d56f63","8","20","82","42","2","2",NA,"2","1","5","1","2","5","delivery driver","3","2","1","ya"
"58cbd0a55d42920001414dd3","4","5","90","34","1","1",NA,"2","1","4","3","4","3","Retail","2","3","1","ya"
"5cd8e69a987ddd00187b7c06","11","12","93","31","2","2",NA,"2","1","4","2","4","5","homemaker","3","3","1","ya"
"5f4df2b4bdb2449bd751ce51","3","8","87","37","1","1",NA,"2","1","6","1","3","6","System Administrator","9","8","1","ya"
"617264a046edbb505d05621a","4","19","94","30","2","2",NA,"2","2","6","2","6","3","Homemaker","6","8","1","ya"
"5f49f3262a3d07563d14a7f1","3","1","95","29","1","1",NA,"2","1","6","4","3","7","freelance artist","7","7","1","ya"
"65c2305a9561dbcb152550f8","3","21","93","31","2","2",NA,"1","2","6","2","5","6","Stay at home Parent","6","6","1","ya"
"59d8ae913e5ea00001e1d05f","10","20","89","35","1","1",NA,"2","1","4","2","2","1","Crowdsourcer","3","3","1","ya"
"609f528fba531c5195b6cd4e","8","1","95","29","2","2",NA,"2","1","6","3","4","8","Customer Service Representative","5","5","1","ya"
"654330ed45a4782f4794ff49","9","8","88","36","1","1",NA,"2","2","9","2","4","8","consultant","8","7","1","ya"
"655f99486a8eba17dd54f0b6","3","5","99","25","2","2",NA,"2","2","4","3","2","5","retail","5","5","1","ya"
"5e03f8517f08edece67a3137","9","12","89","35","1","1",NA,"1","1","6","2","4","6","IT Coordinator","6","6","1","ya"
"5f79bca83a2eb65c0983816d","2","20","90","34","1","1",NA,"2","1","2","2","1","4","Manufacturing","5","5","1","ya"
"5adef850eb60400001539109","3","14","98","26","1","1",NA,"1","1","4","2","2","6","unemployed","4","4","1","ya"
"5e38e79295ff561112eae457","6","6","86","38","1","1",NA,"2","1","3","3","1","1","Crowdworker","4","4","1","ya"
"60b9246549c99480c6930d0e","5","6","85","39","1","1",NA,"2","2","6","3","4","6","Transport Manager","5","5","1","ya"
"582b12291bdd2f00018054f4","5","5","92","32","2","2",NA,"2","1","7","1","3","6","retail","4","5","1","ya"
"631b66847990076d05887914","10","26","85","38","1","1",NA,"2","1","3","3","5","6","Construction","5","5","1","ya"
"5fbd057ea95c7102638685d5","9","23","93","31","2","2",NA,"2","1","7","4","2","3","grant writer","3","3","1","ya"
"5f920aa80a785011ef6906e3","3","13","90","34","1","1",NA,"2","1","4","5","4","6","welder","4","5","1","ya"
"61645d805d7b358ed3e052a6","11","24","91","33","1","1",NA,"2","3","4","4","3","8","Marketing","3","5","1","ya"
"63971ce5ac05acbcf187d303","3","28","96","29","2","2",NA,"2","2","6","1","6","7","Online tutor","7","7","1","ya"
"5dcc3ec7db13278d75c8622f","5","27","86","38","2","2",NA,"2","1","6","2","6","5","freelancer","4","2","1","ya"
"64135e3d9cd5e3f16290d29c","5","6","99","25","1","1",NA,"2","3","6","3","2","3","Package Handler","3","3","1","ya"
"6272923eedb5716b8b254954","3","26","82","42","2","2",NA,"2","1","5","3","4","6","sales associate","4","5","1","ya"
"632ff41f3631baf749984e3e","1","20","91","34","1","1",NA,"2","2","4","3","1","5","Retail supervisor","5","5","1","ya"
"64018f58d236aad3893f34b6","3","12","89","35","1","1",NA,"2","2","6","2","1","3","temporary staffer","3","3","1","ya"
"634ef87aec0966557c825573","7","28","94","30","2","2",NA,"2","1","4","3","5","6","Stay at home parent","4","4","1","ya"
"60fd6618f9a377f54dcdf318","9","9","87","37","1","1",NA,"2","1","7","2","1","7","psychologist","6","6","1","ya"
"63614f71fa75fcbcee84f2ac","12","7","80","44","1","1",NA,"2","1","5","3","6","6","IT Engineer","6","6","1","ya"
"6317ff092d6b47344b7d1ec5","4","1","88","36","1","1",NA,"2","6","6","3","1","7","Accountant","4","4","1","ya"
"6400dcf7361c4d3315b027b4","7","13","88","36","1","1",NA,"2","1","9","2","2","8","student services manager","6","6","1","ya"
"5de90f54a48441037ac21f43","6","17","85","39","2","2",NA,"2","1","6","2","4","7","Server","3","5","1","ya"
"640feb5e49b723bcfaad6437","12","1","96","28","2","2",NA,"2","1","6","3","1","2","Legal assistant","8","5","1","ya"
"59e7d3f97f3d71000171def0","9","4","84","40","1","1",NA,"2","1","4","3","1","5","Consultant","3","5","1","ya"
"5c2c62542c45d400014a32e6","4","3","95","29","1","1",NA,"2","3","5","4","3","6","editor","3","4","1","ya"
"5dd4074feab0423daf012f92","9","17","98","26","2","2",NA,"2","1","4","1","2","1","artist","6","6","1","ya"
"5eaad5dcc2e64603e5122442","6","3","87","37","1","1",NA,"2","1","7","2","2","6","Accountant","5","4","1","ya"
"63d15e1be853005ff591b935","12","9","80","44","1","1",NA,"2","1","4","1","1","1","SEO","3","4","1","ya"
"61719bfec06e3136189edb55","10","5","84","40","1","1",NA,"2","1","4","4","2","6","Information Technology Management","3","3","1","ya"
"5d3221b8eb6cfa0001950113","9","12","80","44","2","2",NA,"2","1","4","3","3","8","quality rater","5","5","1","ya"
"5eaf585e8a9edb65a576c008","2","17","99","26","2","2",NA,"1","6","5","3","1","3","front desk receptionist","1","2","1","ya"
"6296290ec41bde1525dbb77e","2","8","87","38","1","1",NA,"2","1","5","3","1","4","Self-employed","4","5","1","ya"
"60ca4cfb5c287146cad0695a","1","1","85","40","1","1",NA,"2","1","6","2","1","5","retail sales associate","5","5","1","ya"
"63d71e67dd0fcccd3cc745b0","5","2","91","33","1","1",NA,"2","1","4","2","3","3","House Keeper","3","3","1","ya"
"5dc8465ad362415b3383405f","2","15","92","33","1","1",NA,"2","3","6","2","2","9","IT Analyst","7","8","1","ya"
"63619eb02e5bd8f4f7bd138a","1","1","98","27","1","1",NA,"2","1","3","3","2","2","Freelancer","1","1","1","ya"
"65da873891cb7174c9544968","6","30","80","44","2","2",NA,"2","2","4","4","3","1","customer service","5","6","2","ya"
"608bfa04767191aa4d57bfd8","3","9","84","40","2","2",NA,"2","1","4","2","2","5","factory worker","4","4","1","ya"
"5eeaa8ee94a7f8046a02a20d","11","13","84","40","1","1",NA,"2","1","8","2","9","9","Dentist in the USAF","9","9","1","ya"
"65b40fa5fc13e92b9c793475","2","17","90","35","2","2",NA,"2","1","6","4","2","8","DIrector","6","6","1","ya"
"63616240cc69594f32b0ff2e","1","21","94","31","1","1",NA,"2","1","6","1","1","1","Technology Consultant","3","2","1","ya"
"65cbcf2fa40cc5fe7ae5ec90","6","6","96","28","1","1",NA,"2","1","4","2","3","8","casino employee","6","6","1","ya"
"63251e479509813fab713ad2","1","29","85","40","1","1",NA,"2","1","6","2","2","1","AI Evaluator","3","3","1","ya"
"59014a56baa70f0001ea4c3b","12","16","84","40","1","1",NA,"2","1","6","2","4","7","Operations Manager","6","6","1","ya"
"631c8e97db06f601f81bd82f","11","10","97","27","1","1",NA,"2","1","7","1","4","7","Retail Manager","8","7","1","ya"
"65847ecf0896ca006d2c00b7","4","4","93","31","2","2",NA,"2","3","6","2","2","10","real estate partner","6","5","1","ya"
"631cfe68ec3769b3711bd80d","10","28","70","54","1","1",NA,"2","1","5","3","2","6","Military","6","7","1","ma"
"5c12f106c4b80e000192c472","6","2","62","62","2","2",NA,"2","1","6","3","2","6","2012 4-month temp wrk, mortgage processor","7","4","1","ma"
"614e3f7def73ee04e730819e","12","1","76","48","2","2",NA,"2","1","6","3","3","5","Office Assistant","5","6","1","ma"
"5a02083e087f2e0001eadbdb","6","10","74","50","2","2",NA,"2","1","6","2","4","8","web designer","6","6","1","ma"
"631916ad7afacf6bf7b9a0f6","10","15","76","48","1","1",NA,"2","1","4","3","1","3","Writer","3","4","1","ma"
"559e82dffdf99b7a9a124180","9","18","76","48","2","2",NA,"1","1","5","2","4","5","Office assistant","4","8","1","ma"
"5c69f9dd4b5bb30001b3d31c","11","11","71","53","2","2",NA,"2","1","5","3","3","7","caregiver","7","7","1","ma"
"5b0c65c11e55760001b96e90","1","1","73","52","2","2",NA,"2","1","7","3","3","6","software tester","4","4","1","ma"
"6563b8c95e1de3467955294d","8","26","60","64","2","2",NA,"2","1","3","3","2","7","Retired Supreme Court Stenographer","6","5","1","ma"
"6431e35b9b95664b23f48b72","3","14","76","48","2","2",NA,"2","6","5","5","2","1","Warehouse","2","2","1","ma"
"5f4d07b4fae27694de8f5af1","11","7","67","57","2","2",NA,"2","1","6","3","2","9","Website Manager","8","7","1","ma"
"63a49d5bb18f18863fe82dae","4","20","71","53","2","2",NA,"2","1","2","3","1","2","Retail.","5","6","1","ma"
"638f8a0121203e0ddbf80e02","10","2","65","59","2","2",NA,"2","1","5","2","2","6","remote customer service rep","5","5","1","ma"
"64d50be2a6946343b620b6c4","2","21","72","52","2","2",NA,"2","6","3","3","1","2","retail","2","2","1","ma"
"6159fe7811a7e1b94401c33f","2","1","75","50","2","2",NA,"2","1","4","3","6","7","homemaker","7","7","1","ma"
"65bde5008bc03a79bcec198d","10","1","67","57","2","2",NA,"2","3","7","2","3","9","IT","8","7","1","ma"
"65a5bd266545ad77deeae9b3","8","8","73","51","1","1",NA,"2","2","6","1","4","7","Consultant","5","5","1","ma"
"6237de9b86943b2c0aa752aa","4","18","81","43","1","1",NA,"2","1","7","3","2","5","IT","5","7","1","ma"
"65c12f748c1ed7690f805fb4","10","14","67","57","1","1",NA,"2","1","1","3","1","4","Construction site Supervisor","6","6","1","ma"
"648343299ec8050d10aee27d","3","13","72","52","2","2",NA,"2","1","3","2","4","5","Homemaker","3","5","1","ma"
"5fc1fdd411437431e95276d2","10","26","74","50","2","2",NA,"2","1","5","4","2","6","copywriter","4","4","1","ma"
"627f448165ed9095fd43cfd1","11","14","74","50","1","1",NA,"2","1","7","3","6","8","Engineer","6","6","1","ma"
"651abffdad473f8f07e8a2e3","8","19","76","48","2","2",NA,"2","1","6","1","1","7","Administrative","7","7","1","ma"
"5fc107b696c1250962897bcb","8","18","76","48","2","2",NA,"2","1","4","3","1","1","US Rater","4","4","1","ma"
"63457ca6ea7e55d2491ec3fc","5","12","71","53","1","1",NA,"2","1","9","2","4","6","Lecturer","7","8","1","ma"
"62d2aee15e1dc6709bdcace0","1","7","70","55","2","2",NA,"2","1","4","5","2","4","customer service","2","2","1","ma"
"647bbb93aebd39c3a3c3a400","4","5","75","50","1","1",NA,"2","1","7","2","5","8","Accountant","7","7","1","ma"
"63d8352e4565d58f6e88cf09","6","28","81","43","1","1",NA,"2","1","7","2","1","7","Project Manager","6","5","1","ma"
"615628491d10d2dda4037437","7","7","62","62","2","2",NA,"2","1","4","2","1","2","Administrative Assistant","4","4","1","ma"
"637b04a69794763b20491590","9","14","67","57","1","1",NA,"2","1","5","3","4","6","Transportation Logistics","6","5","1","ma"
"63addea191535251fd367308","8","23","77","47","1","1",NA,"2","2","6","1","4","4","Agriculturist","4","4","1","ma"
"63d570d979c31656fece7c7d","3","17","60","64","1","1",NA,"2","1","4","2","1","2","mortgage underwriter","3","5","1","ma"
"5d546feb05470f001b8d1436","8","28","77","47","2","2",NA,"2","3","6","3","4","5","Social Media marketing","5","5","1","ma"
"65c266bb091c0f2811ab8d80","4","12","73","51","2","2",NA,"2","1","7","3","2","9","Social researcher","6","5","1","ma"
"5fdbdc853ce8060db67cf718","11","20","73","51","2","2",NA,"2","1","6","2","3","7","administrative assistant","5","6","1","ma"
"63644514902f60174b4b29a1","10","9","64","60","2","2",NA,"2","1","3","5","2","6","secretary","3","3","1","ma"
"5ac4c721e1099600016a823b","1","15","72","53","1","1",NA,"2","1","6","1","2","7","software test engineer","6","6","1","ma"
"642c4f6e95f13dc4c1b54712","9","21","74","50","1","1",NA,"2","1","1","5","1","1","Landscaper","1","5","1","ma"
"5dcea7314d51e4107516c80d","9","24","69","55","2","2",NA,"2","1","6","2","2","6","Administrative Assistant","6","5","1","ma"
"607ba9f40639e8a2c931d622","6","25","76","48","2","2",NA,"2","1","6","2","2","2","art gallery assistant","4","3","1","ma"
"63bc74f63269af3a7bfcec7c","9","15","70","54","2","2",NA,"2","1","4","4","1","2","Administrative","2","2","1","ma"
"6479ef255eeda61e229715e4","6","8","66","59","1","1",NA,"2","2","7","2","4","8","Data Analyst","8","7","1","ma"
"65c2ae585665fc4b8b3eae80","4","10","70","54","2","2",NA,"2","2","9","2","3","8","counselor","7","7","1","ma"
"5dced33fc944d1018c53c520","5","20","76","48","2","2",NA,"2","3","9","2","2","6","Researcher","6","5","1","ma"
"5b0319e68d753d0001cc75c7","7","27","74","50","2","2",NA,"2","1","9","2","2","7","Higher Education Administration","3","4","1","ma"
"6129781ecb8007ce6248a915","9","12","69","55","1","1",NA,"2","1","6","1","2","2","Spiritual Counselor","7","7","1","ma"
"5f6a47e882e9cd0e1d6bbb8a","1","18","64","61","2","2",NA,"2","1","5","5","1","2","AFIS Customization Engineer/Associate Software Engineer","3","3","1","ma"
"651f8f555a5fde411587c859","10","10","75","49","1","1",NA,"2","1","6","2","4","5","custodian","6","6","1","ma"
"5d89106d1719af0001ee23e5","7","3","73","51","2","2",NA,"2","1","3","2","3","6","retail","4","5","1","ma"
"5c10724111fe9a00013cd815","8","5","66","58","2","2",NA,"2","2","4","5","1","2","Salesperson","1","1","1","ma"
"57e7bb4e73e67300012b8e2a","3","16","69","55","2","2",NA,"2","1","5","4","3","6","isp tech support/supervisor","5","5","1","ma"
"64da2accd7f18b0adeede7ba","5","23","71","53","2","2",NA,"2","1","6","1","4","9","publishing copywriter","8","7","1","ma"
"602bff07a6fada440d3c4f6b","5","10","73","51","1","1",NA,"2","1","4","4","1","2","shipping recieving","3","5","1","ma"
"5b1f185488ee7400012b4b5c","3","2","64","60","2","2",NA,"2","1","5","2","3","7","manager","6","5","1","ma"
"63a0f27fca07899904e593f1","10","21","65","59","2","2",NA,"2","1","5","1","1","4","Sign Language Interpreter","5","5","1","ma"
"5dd299a27f1bbf2a83554ecf","1","17","78","46","2","2",NA,"2","3","6","2","1","5","Dancer/Instructor","6","5","1","ma"
"628fa75dcf7f7273127b4614","11","3","76","48","1","1",NA,"2","1","6","3","3","6","Finance Manager","8","9","1","ma"
"592ed8978ad1ae0001937919","4","17","70","54","2","2",NA,"2","1","5","4","4","6","SME/QA on AI LLM projects","5","5","1","ma"
"6434ca569e4ece2d6062bd6b","8","1","65","59","1","1",NA,"2","1","6","4","2","5","CISO","4","5","1","ma"
"63cd760c18f08aa16c2c8a8a","11","7","75","49","2","2",NA,"2","1","6","2","4","8","Healthcare Assistant","7","7","1","ma"
"6402618738abc106f32f8928","3","30","75","49","2","2",NA,"2","1","4","5","2","2","Legal Assistant","2","2","1","ma"
"62d22695270242b5b620ba4f","12","14","75","49","1","1",NA,"2","1","4","4","2","3","Delivery driver","3","3","1","ma"
"5f4d292411a04099314901e7","3","27","77","47","2","2",NA,"2","2","6","3","2","8","regulatory","6","7","1","ma"
"63c0b8e25159ad47312132ac","7","17","74","50","1","1",NA,"1","2","4","1","4","6","Skilled Laborer","5","5","1","ma"
"60d7558fd3a01169626ae963","4","5","66","58","2","2",NA,"2","1","6","4","2","6","Administrative Assistant","3","4","1","ma"
"6518a78ee94831275dd1c0e1","12","24","67","57","2","2",NA,"2","2","4","2","1","1","gig worker - various","4","5","1","ma"
"65429041aa9bde9216c53dc2","5","5","66","58","1","1",NA,"2","2","5","4","5","6","Head parademic","4","4","1","ma"
"6532f6cba90f96383b501c2e","1","12","70","55","2","2",NA,"2","1","7","2","3","11","teacher","7","6","1","ma"
"65a51949a7c2795616c47eae","8","18","72","52","2","2",NA,"2","1","6","3","4","8","teacher","5","5","1","ma"
"6295270587394aac7ce600db","12","14","65","59","1","1",NA,"2","1","4","4","1","2","Ambulance Paramedic/Firefighter/Vol. Fire Chief 1979-2018","4","5","1","ma"
"5f17553ce0feb10c3dd2b16a","7","5","72","52","2","2",NA,"2","1","6","2","3","4","artist","3","1","1","ma"
"5b98d9362cca9c0001de161f","5","12","73","51","1","1",NA,"2","1","6","2","4","6","Project Manager","5","5","1","ma"
"65c23c8da9952f43310ff664","3","18","73","51","2","2",NA,"1","1","6","1","4","3","Administrative Assistant","5","5","1","ma"
"658343a1d729f3d5c25c7f0b","11","11","69","55","2","2",NA,"2","1","3","3","4","3","child care","6","1","1","ma"
"62d18aff4b053b24c0433255","12","13","70","54","2","2",NA,"2","1","4","3","1","2","Social work","4","5","1","ma"
"5d88f010859c9e0001810e88","9","28","74","50","2","2",NA,"2","1","6","3","1","5","Radiologic Technologist","5","5","1","ma"
"6530254e79568ee55c08cf12","5","20","68","56","2","2",NA,"2","1","6","1","4","5","Healthcare Assistant","6","5","1","ma"
"60aeb0d07f3a7882a3abbdf6","10","23","76","48","2","2",NA,"2","1","7","2","2","5","project engineer","4","6","1","ma"
"6466c5d29fcee46200c0137b","1","8","62","63","2","2",NA,"2","1","6","3","3","3","owner of a small business.","4","5","1","ma"
"63174b4e900ff6c7b0444f29","12","31","75","49","2","2",NA,"2","2","5","3","4","6","logistics/transport","4","4","1","ma"
"60859f820e5009a67adb3921","1","30","68","57","2","2",NA,"2","1","6","2","2","8","administrative specialist","5","6","1","ma"
"57d940a5995a0b00016350be","2","27","63","61","2","2",NA,"2","1","4","2","1","5","business owner","7","7","1","ma"
"60dc4e2299f89a7ca94b2c91","4","30","79","45","1","1",NA,"2","1","6","1","3","8","IT Manager","8","8","1","ma"
"65b657de01896fed2ec077eb","7","4","74","51","1","1",NA,"2","2","9","1","5","8","construction","6","6","1","ma"
"6168650925d6f445883ccdd6","7","1","67","57","2","2",NA,"2","1","5","4","2","2","medical assistant","3","3","1","ma"
"647e0f22b1d466181ae694c4","5","20","66","58","2","2",NA,"2","3","5","2","2","8","bookkeeper","5","5","1","ma"
"5e41a52038926b03b5357afb","1","20","67","58","2","2",NA,"2","2","4","3","1","2","Customer Service","4","4","1","ma"
"65a3eab844b50c6810ea62f3","3","17","78","46","1","1",NA,"2","1","7","2","4","12","IT Manager","8","8","1","ma"
"63626fe174f7db263a4aa8f2","12","16","73","52","1","1",NA,"2","1","4","2","3","6","contructor","6","6","1","ma"
"5f0d2ad60ad0d6730c380b05","9","24","73","51","1","1",NA,"2","1","6","3","1","1","online studies","3","3","1","ma"
"6112cc420c68ea993ade2533","9","3","73","51","2","2",NA,"2","2","5","3","2","2","Terminal Claner","3","5","1","ma"
"54d2c4e2fdf99b2c319a8cf6","1","26","79","46","1","1",NA,"2","1","6","3","5","6","analyst","5","5","1","ma"
"654bb50c72b2f304d47bfdab","7","3","75","49","1","1",NA,"2","2","7","2","3","5","Retail Manager","5","5","1","ma"
"5f6067975552dc000aa21f2a","7","22","81","43","2","2",NA,"2","1","9","2","4","8","Software engineer","8","8","1","ma"
"653f02673c461bbfd79d8789","8","18","77","47","1","1",NA,"2","3","6","4","4","7","accountant","7","7","1","ma"
"647c65c5acb91c89819c7970","5","8","70","54","1","1",NA,"2","1","3","2","5","4","Construction/Labor","5","4","1","ma"
"63624e53b014a5fc8b293253","5","21","69","55","1","1",NA,"2","1","6","4","1","3","Construction Foreman","3","3","1","ma"
"64d9018822e7e4b15221223b","7","19","74","50","2","2",NA,"1","1","7","2","5","8","MARKETER","7","7","1","ma"
"5dd9f0e719eecb97dfab7b48","11","19","76","48","1","1",NA,"2","1","4","3","4","3","Homemaker","3","3","1","ma"
"60ff9cd547748ee90eea62fc","10","23","78","46","2","2",NA,"2","1","5","3","5","9","Registered Nurse","5","6","1","ma"
"55b688fafdf99b26e287abd3","8","3","72","52","1","1",NA,"2","1","4","2","3","10","systems administrator","6","6","1","ma"
"63868eb7abcf3f247da6f52b","7","18","69","55","2","2",NA,"2","1","8","2","2","8","office assistant","7","7","1","ma"
"63852498bcb698988baa11c2","9","18","65","59","1","1",NA,"2","1","4","3","1","2","data entry specialist","4","5","1","ma"
"5ef4d8b87faaa00c0dea0c4e","8","1","66","58","2","2",NA,"2","1","7","2","3","8","Currently, self employed. Previously, Financial Analyst.","5","5","1","ma"
"647b94fa0a35e23330edcc2f","6","17","70","54","2","2",NA,"2","1","4","3","2","9","management","5","5","1","ma"
"5dae25fc2e361800135fbd02","5","13","63","62","2","2",NA,"2","1","7","2","2","6","Information Services","6","5","1","ma"
"5977466b68264c0001c49088","12","1","70","54","1","1",NA,"2","1","5","3","1","1","Business Transcriptionist","4","4","1","ma"
"5fa17ddeabc188288bde81c8","9","6","62","62","1","1",NA,"2","1","6","2","2","11","Regulation Manager State Government","7","7","1","ma"
"62c026818910950fc380e599","10","9","77","47","1","1",NA,"2","1","6","3","1","2","retail","3","4","1","ma"
"5ca6bbf13b5fcf00100996e9","11","23","66","58","1","1",NA,"2","1","5","1","4","8","Supervisor","7","7","1","ma"
"65980ca740e0934367fb3616","6","8","89","35","1","1",NA,"2","2","6","4","3","6","Designer","6","6","1","ma"
"63614899ad49a91f1ef09067","10","1","72","52","1","1",NA,"2","1","7","2","1","6","librarian","6","6","1","ma"
"5e9f3f09ccc75a0c345e4845","4","9","60","64","2","2",NA,"2","1","6","2","1","3","copy editor","6","6","1","ma"
"5dcf6d762e4a050ac2cba07d","5","24","70","54","1","1",NA,"2","1","4","3","2","3","roofing supervisor","4","4","1","ma"
"647648baa82fb44bb109f367","3","23","62","62","2","2",NA,"1","1","6","3","2","6","I was a soap and candlemaker for 22 years with 10 retail stores that carried my products. Also, I was an essential oil wholesaler who received bulk essential oil from importers and resold it to America's soapmakers.","5","5","1","ma"
"612fd3208d3decaf3ec80bcc","2","22","76","49","2","2",NA,"2","1","3","3","3","4","Picker","1","1","1","ma"
"60f43c3a0fd9723feba1af38","11","26","81","43","1","1",NA,"2","1","7","1","2","12","Business Owner","7","8","1","ma"
"5c0da14d656168000159da7a","4","26","71","53","1","1",NA,"2","1","4","2","2","5","Assistant Store Manager","6","6","1","ma"
"5ef6308c40846d2dfca0b66a","6","8","74","50","2","2",NA,"2","1","4","3","2","2","Arts","5","5","1","ma"
"64d55b4562a7a1e44d7df618","1","12","71","54","2","2",NA,"2","1","6","3","1","3","retail","3","3","1","ma"
"65b6bb9487ad05cb475fbba5","9","20","67","57","2","2",NA,"2","1","6","4","2","5","Website Developer","7","7","1","ma"
"6394e32126ebbdc7b10c6748","1","5","64","61","1","1",NA,"2","1","6","3","2","11","Finance","6","5","1","ma"
"65957f9a085d53d06174a2f9","2","4","76","49","2","2",NA,"2","2","4","3","3","6","Homemaker","5","3","1","ma"
"5ab9d6b0e734400001d9b76a","2","27","69","56","2","2",NA,"2","1","6","2","2","5","Leasing Specialist","3","3","1","ma"
"5a6d3a19e6cc4a0001b6c47a","10","10","69","55","1","1",NA,"2","1","4","3","2","6","Construction project manager","5","5","1","ma"
"5ef319f3058d7f0178266918","1","9","77","48","1","1",NA,"2","1","7","3","5","2","job","5","5","1","ma"
"5fb08ec5ddc19949a58f5a4f","2","17","76","49","2","2",NA,"2","1","4","3","2","3","Media Clerk","3","3","1","ma"
"63052f20afc39e87110eb83e","2","10","79","46","1","1",NA,"2","2","3","3","3","7","Electrician","4","3","1","ma"
"5ed559e5afbd830e2117ed55","3","3","62","63","1","1",NA,"2","1","7","2","1","7","Engineer","7","7","1","ma"
"63ebd1cd6715f8cbe3405c82","12","12","75","49","2","2",NA,"2","2","6","1","5","7","mansger","5","5","1","ma"
"6488eb2841a2c8ae8a7776ab","1","30","61","64","1","1",NA,"2","1","6","3","2","6","public administration","5","4","1","ma"
"63cc62e53735576a651d54a9","11","6","67","57","2","2",NA,"2","1","7","2","2","4","Teacher","5","5","1","ma"
"55b6e53bfdf99b438f10e3bb","9","11","73","51","1","1",NA,"2","3","4","2","4","6","hospitality manager","9","9","1","ma"
"6441557474b4acdbbcc9e4eb","12","11","76","48","1","1",NA,"2","1","4","5","1","1","prolific now,used to do web affiliate sales and transportation","1","1","1","ma"
"610dd74ebf5c4e1977a3e54e","11","26","55","69","2","2",NA,"2","1","4","3","2","4","Newspaper manager","6","7","1","oa"
"63c6c86379d754f53136d84c","2","1","56","69","2","2",NA,"2","1","6","2","2","3","Graphic designer","4","6","1","oa"
"63d461113c2fbc554ca3816c","2","24","58","66","1","1",NA,"2","1","6","4","2","5","accountant","5","5","1","oa"
"5fbb062e91513797e214827d","9","15","57","67","2","2",NA,"2","1","6","1","2","5","graphic design","8","8","1","oa"
"5be5c05fd153f500019a2ef2","1","3","57","68","2","2",NA,"2","1","6","3","1","1","Business services","3","2","1","oa"
"63fcfd81a075a45d1a821308","2","3","58","67","2","2",NA,"2","2","6","1","1","7","Radiologic Technologist","5","5","1","oa"
"6587e9f9786b3bc51d05f07f","6","3","54","70","2","2",NA,"2","2","7","1","6","8","nurse","6","7","1","oa"
"64485c54cbc6abf5e752f687","7","14","48","76","2","2",NA,"2","1","7","2","1","3","State Planner for (public) Behavioral Health Services & former addiction specialist","3","4","1","oa"
"5dfbc3a1946e978e69d8e586","3","10","58","66","2","2",NA,"2","1","6","2","2","8","Retired senior business manager","6","7","1","oa"
"6412285c18716831333d53b3","1","24","60","65","1","1",NA,"2","1","6","2","2","5","supervisor","5","5","1","oa"
"60833ce5197d68cff9df1b83","6","5","56","68","1","1",NA,"2","1","9","4","2","2","organic chemist","7","7","1","oa"
"63f3e75e0787bb42195e1e4c","7","7","59","65","2","2",NA,"2","1","7","2","2","8","Clinical Audiologist","7","7","1","oa"
"614e32cf6eacf837eb9d5c48","6","9","44","80","1","1",NA,"2","1","7","1","2","7","IT manager","8","7","1","oa"
"659d70ce94cf999e4d7b189a","12","1","59","65","2","2",NA,"2","1","5","3","2","7","Office equipment repair technician","5","3","1","oa"
"65be31d46246dae8fb283372","6","17","56","68","1","1",NA,"2","2","7","1","4","8","SALES MANAGER","6","6","1","oa"
"561d98e03d7fe8000b0f5e09","11","15","58","66","2","2",NA,"2","1","7","3","1","5","evaluator","7","7","1","oa"
"63f4021039d138e8425201c7","8","11","57","67","1","1",NA,"2","1","7","3","2","6","engineer","6","7","1","oa"
"65a1aed8e2b9a23db7765b0b","11","19","59","65","2","2",NA,"2","3","7","1","2","4","self-employed wellness coaching business","4","5","1","oa"
"65bdf6e949b019b9990342cd","4","21","56","68","2","2",NA,"2","2","7","1","5","8","MANAGER","6","6","1","oa"
"62c08fa6cab36e3a08790b49","7","2","56","68","1","1",NA,"2","1","8","4","1","4","educator","6","6","1","oa"
"5ae2641f5cd05500015ece71","6","20","58","66","2","2",NA,"2","1","6","2","3","8","social worker","8","8","1","oa"
"5d8a1d20d1afcb0019d7390b","12","13","51","73","1","1",NA,"2","1","7","2","2","6","Patrol officer","5","5","1","oa"
"5ea72b8aedd4c90da065607c","2","11","58","66","1","1",NA,"2","1","6","2","1","1","Book appraiser","5","5","1","oa"
"60e4c09a4b30f16f5a1053e7","4","7","58","66","2","2",NA,"2","1","6","2","2","9","banking","6","6","1","oa"
"6403ce2f85c4bb26aff0de6e","11","3","53","71","2","2",NA,"2","2","4","3","2","6","City Government","7","7","1","oa"
"5d4c7ac3e8ec490018b0050d","7","25","59","65","2","2",NA,"2","1","5","3","1","2","graphic artist","3","3","1","oa"
"63bcbf7e0ac7e876387ef720","5","25","54","70","1","1",NA,"2","1","4","2","1","2","writer/publisher","3","3","1","oa"
"5e64a02eb7d70b20f250b129","5","19","59","65","2","2",NA,"2","1","5","4","1","2","Registered Nurse","6","6","1","oa"
"647660ef7bc13de7eaf0c76e","9","9","58","65","2","2",NA,"2","1","7","4","3","8","sales executive","7","7","1","oa"
"63d4a887e1ab7f8c5a4cc336","7","2","49","75","2","2",NA,"2","1","9","1","1","7","teacher/tutor","7","8","1","oa"
"6348801ddd19d0c7bfddac73","1","17","48","77","2","2",NA,"2","1","4","2","2","2","Payroll Clerk","4","5","1","oa"
"628f572a2d1304a34b9e1a37","8","31","49","75","1","1",NA,"2","1","7","3","2","6","Healthcare Administrator","7","7","1","oa"
"5df2f2ed4c81b2201c6c782e","6","30","50","74","2","2",NA,"2","1","6","3","1","2","technical","3","2","1","oa"
"63fcde3494055a563c72cb12","10","19","48","76","2","2",NA,"2","1","3","4","3","1","teaching","2","3","1","oa"
"5a0efb83ab721b0001ef8509","8","4","55","69","1","1",NA,"2","1","5","3","3","6","warehouseman","3","4","1","oa"
"653d24b26d450d5f684b5011","7","9","49","75","1","1",NA,"2","1","5","4","2","5","postal worker","6","5","1","oa"
"5d3356323e1190001909339b","1","22","60","65","2","2",NA,"2","1","5","4","4","5","Floral designer","3","6","1","oa"
"5e7694014add7908e8cedec2","8","15","58","66","2","2",NA,"2","1","7","2","2","8","Financial Planning","5","5","1","oa"
"64bbf16db125b5d6a2f3a911","3","24","58","66","1","1",NA,"2","1","3","3","1","1","ebay sales","3","3","1","oa"
"5ac4fbad1667e40001d8615e","9","25","58","66","2","2",NA,"2","1","6","3","5","5","personal assistant","5","5","1","oa"
"6068bf5914131f3a1a80a413","2","14","56","68","1","1",NA,"2","1","8","1","2","6","Senior Research Manager","6","7","1","oa"
"6007a7996fbeef04ce080f90","6","29","58","66","2","2",NA,"2","1","6","3","1","5","Firefighter paramedic","6","6","1","oa"
"5ef035131f1b2a546b44c391","9","15","52","72","1","1",NA,"2","3","7","4","3","8","Behavioral Health Specialist","6","6","1","oa"
"5ddcd77f23f9f1c2c45d6c18","9","1","55","69","1","1",NA,"2","1","5","2","3","5","Medical Lab Tech","5","5","1","oa"
"5687bbe7369319000c269af0","11","25","51","73","2","2",NA,"2","1","6","1","1","4","substitute Teacher","5","8","1","oa"
"65240d2fa731788bf890470d","5","24","54","70","2","2",NA,"2","1","9","2","1","3","Therapist/educator","6","6","1","oa"
"611b09935cd6e67f2b5e9ea2","4","15","59","65","2","2",NA,"2","1","6","1","2","7","teacher","6","7","1","oa"
"5c33d22b6f160f0001349d6b","8","12","56","68","1","1",NA,"2","1","6","2","1","6","Owner, Agricultural and Forestry Products Business","7","8","1","oa"
"5ff07b5ee7a1d23e719e421e","10","11","55","69","2","2",NA,"2","1","4","2","2","5","Human Resources - Retired","6","6","1","oa"
"5bb7af73dd840f0001d85935","2","7","60","65","2","2",NA,"2","1","9","2","1","6","children's ministry","3","5","1","oa"
"655728a618181e2ef6f016cc","5","7","53","71","1","1",NA,"2","1","6","1","4","8","Manager","5","5","1","oa"
"6581d59fc1a74c526abf0de5","11","24","58","67","1","1",NA,"2","1","7","1","5","5","Public Health","7","7","1","oa"
"57321c8ec63b5c000f367bb2","9","5","55","69","2","2",NA,"2","1","8","3","4","8","attorney","7","5","1","oa"
"65807f45100f7de625cebfe4","10","12","57","67","2","2",NA,"2","1","5","2","2","11","CEO","9","7","1","oa"
"638d3556e70c7bf15705e35b","11","20","56","68","1","1",NA,"2","2","6","2","3","6","Education consultant","7","6","1","oa"
"5f4f9bc1f7598f06b2dc816f","5","3","54","70","1","1",NA,"2","1","7","2","2","8","Database Administrator","8","8","1","oa"
"654059b1e55c76b0d7119064","3","13","57","67","1","1",NA,"2","2","6","3","6","5","Architecture","5","6","1","oa"
"62d0880f5ba6d972d1bfc63c","7","8","53","71","2","2",NA,"2","1","4","1","2","5","Healthcare","3","5","1","oa"
"64d3f74db38d2256c4ff650b","8","29","58","66","2","2",NA,"2","1","7","4","2","7","Teacher","7","7","1","oa"
"6292289391b6a2c1033653c8","10","6","58","66","1","1",NA,"2","1","9","2","2","8","Chief Technology Officer","8","7","1","oa"
"55900dcffdf99b3f7aada3f5","10","10","51","73","1","1",NA,"2","1","6","3","1","2","Independent contractor","5","4","1","oa"
"546e3778fdf99b2bc7ebcff6","7","10","48","76","2","2",NA,"2","1","3","2","2","3","Factory worker","3","3","1","oa"
"64a2be5c2053c3002cf8bbfc","5","8","56","68","2","2",NA,"2","1","5","4","2","3","I'm retired , I did work retail in Customer Service.","4","4","1","oa"
"63a9a8f2f098b7e45bd03721","7","21","55","69","1","1",NA,"2","1","8","1","2","9","Life Insurance Sales","7","7","1","oa"
"5b233660648d5b0001b7de87","7","3","54","70","1","1",NA,"2","1","5","2","2","5","realtor","7","7","1","oa"
"61539b3fa541b182c0fadde1","12","1","58","66","2","2",NA,"2","1","8","4","2","8","attorney","6","8","1","oa"
"652423321917b76cf71dfbbd","10","1","54","70","2","2",NA,"2","1","5","3","1","2","Nurse","4","4","1","oa"
"637656f618065b68614915b0","3","6","59","65","1","1",NA,"2","1","6","2","6","8","healthcare","6","6","1","oa"
"5c101f812a1a620001f04007","10","12","55","69","2","2",NA,"2","1","4","2","1","2","retail customer service manager","4","4","1","oa"
"639dd20ab47fd76a4fd9c2c0","3","10","55","69","2","2",NA,"2","1","3","3","3","6","Cosmetology","3","3","1","oa"
"64467092479723cb7906e371","9","19","57","67","2","2",NA,"2","2","7","2","5","6","marketing researcher","5","6","1","oa"
"65a6598ce71a234ef2b83b31","6","6","65","59","1","1",NA,"2","2","7","2","3","9","financial advisor","7","7","1","oa"
"654287b7f8958a83a5c611fd","6","11","55","69","2","2",NA,"2","1","6","2","2","7","Marketing/Sales","8","8","1","oa"
"62e92ac314e2c0f89236aed1","4","14","54","70","2","2",NA,"2","1","7","2","1","4","snowboard instructor/team lead","4","5","1","oa"
"5fb9b9c1c62f408e51e09e32","6","25","54","70","2","2",NA,"2","1","8","1","2","5","retired optometrist","7","7","1","oa"
"65be3f5cbc9c811b418ff7cc","4","6","56","68","1","1",NA,"2","2","7","1","5","8","MANAGER","7","7","1","oa"
"62faba5f904642df812944fa","3","25","56","68","2","2",NA,"2","1","3","2","1","4","customer service","4","4","1","oa"
"657cbd52949ddd9d3426dbba","9","4","53","71","2","2",NA,"2","1","4","2","1","5","healthcare","6","5","1","oa"
"63c1d50895843298a2267943","5","27","57","67","2","2",NA,"2","2","7","1","1","4","Medical Transcriptionist/Report Editor","6","6","1","oa"
"5f46cd85e858dd0a24269315","12","30","58","66","2","2",NA,"2","2","4","2","2","1","teacher aid","3","3","1","oa"
"6463695c18c68eee514fd3a3","10","21","46","78","2","1",NA,"1","1","6","3","5","4","constructor","5","5","1","oa"
"657acd01e01645c641beacaa","6","12","55","69","2","2",NA,"2","2","7","3","4","8","Supervisor","5","6","1","oa"
"6413c7853eba2b2215197ff4","1","27","56","69","2","2",NA,"2","1","5","1","1","1","self-employed artist and online reseller","4","6","1","oa"
"5fecec76827f81eea8e1796d","3","19","48","76","2","2",NA,"2","1","4","3","1","2","secretary","4","4","1","oa"
"5f6666e43be0b923d23c8df8","2","4","60","65","2","2",NA,"2","1","5","3","2","6","Underwriting Technician","6","6","1","oa"
"65341e847687a1235b1bee61","10","4","57","67","1","1",NA,"2","1","7","2","1","4","manager","7","8","1","oa"
"6476b68d90c09af88f39e1a5","9","15","58","66","2","2",NA,"2","1","5","5","3","5","manager","5","5","1","oa"
"5dc9f3a0e2633171257d503e","3","31","54","70","2","2",NA,"2","2","4","2","2","3","respite care giver","4","4","1","oa"
"5f0a7dec44c42c19a6c9f6d9","11","7","55","69","2","2",NA,"2","1","3","2","2","7","Sales rep","5","6","1","oa"
"65a638b22dbe6f0426efd112","1","11","59","66","2","2",NA,"2","2","7","1","2","8","manager","7","8","1","oa"
"6439425499e2ce910aa4567f","6","25","61","63","1","1",NA,"2","1","8","2","4","8","Physician","5","5","1","oa"
"655727ebfca43fc335260382","11","7","53","71","2","2",NA,"2","2","6","1","4","8","Human Resource Manager","5","5","1","oa"
"65675f2ae0bb2e4ecb9c539d","9","20","53","71","2","2",NA,"2","2","6","2","4","8","health assistant","6","6","1","oa"
"64812265e9739eed0d51977f","10","23","55","69","2","2",NA,"2","1","6","2","4","8","registered nurse","7","7","1","oa"
"638fdf87700dd1228bade2e1","11","3","54","70","1","1",NA,"2","1","7","1","5","8","construction","6","6","1","oa"
"6431b44f10493845f0904891","7","16","73","73","2","2",NA,"2","1","6","3","4","5","Supervisor","6","6","1","oa"
"65465b95f53f11ae40ae0a6a","4","11","57","67","2","2",NA,"2","1","4","1","2","4","manager of a full service beauty salon","7","8","1","oa"
"644f255ec4f58fe559261911","6","5","59","65","1","1",NA,"2","1","5","5","1","1","Chef","2","1","1","oa"
"5dcec32a367c6d000a4282c2","6","10","54","70","1","1",NA,"2","1","7","4","2","6","musician","6","5","1","oa"
"5e9c8deb90dd470441c7f98e","4","10","57","67","2","2",NA,"2","1","8","2","2","11","engineerint consultant","8","9","1","oa"
"65aaf74b028a4828c08a4630","11","16","46","78","1","1",NA,"2","1","4","4","3","2","Mud Engineer in the Oil Field","4","5","1","oa"
"5c1ffe5295f978000173df84","11","13","59","65","1","1",NA,"2","1","5","3","1","3","Retail","3","4","1","oa"
"5de5496937e1d50ca63e0fa5","12","21","53","70","2","2",NA,"2","1","5","2","1","5","editor/writer","6","8","1","oa"
"5cf3f7364bcc6400019d71fa","12","25","57","67","2","2",NA,"2","1","3","1","1","3","asst admin","3","2","1","oa"
"6369700320bc7dd22e733009","10","17","59","65","2","2",NA,"2","1","6","3","3","6","proofreader/copy editor","5","6","1","oa"
"651ebcca48c60acc82f1f2bd","11","22","58","66","2","2",NA,"2","1","8","3","1","6","DIrector of Human Resources","7","5","1","oa"
"5dc483cf74939e34e55c3619","6","17","51","73","1","1",NA,"2","1","3","3","2","4","Editor","6","6","1","oa"
"64527892acde0fbd392a41d6","2","17","59","66","2","2",NA,"2","2","6","1","1","3","Director of Advertising","6","7","1","oa"
"62897d2024f826ea90b7efa1","5","16","54","70","2","2",NA,"2","1","6","3","2","9","teacher","6","6","1","oa"
"6455616c0fe23ecca70ce1b9","4","24","58","66","2","2",NA,"2","1","4","4","1","4","Federal Government (retired)","4","4","1","oa"
"5f77c6a1a110ce346dc016ec","4","29","58","66","1","1",NA,"2","1","7","3","3","11","Realtor","7","7","1","oa"
"60002c38af716201edc1763d","1","2","57","68","1","1",NA,"2","1","5","4","2","4","Customer Service Specialist","3","2","1","oa"
"5e34325430e5263f0bebb32d","11","12","55","69","1","1",NA,"2","1","5","3","1","4","Systems Analyst","3","3","1","oa"
"5484655ffdf99b07b28f22cc","1","22","49","76","1","1",NA,"2","1","7","1","1","5","Sub Teacher contracted to public high schools by private educational staffing firm","6","6","1","oa"
"63ea751b7686e752f5ef78b2","6","15","58","66","1","1",NA,"2","1","6","1","1","4","Manager","8","8","1","oa"
"5bcbd66377740000016a64b0","2","13","56","69","2","2",NA,"2","1","4","2","2","3","IT MGR","3","5","1","oa"
"65c017a404cde4687fdad22e","9","16","58","66","1","1",NA,"2","1","5","5","2","1","Color Coordinate Manager, (Go to Guy) for major printing corporation based in Mankato, MN.","7","8","1","oa"
"5fb41cbb6ab13204137b931e","11","7","49","75","1","1",NA,"2","1","7","2","3","8","Engineer","7","7","1","oa"
"65e2240ceb2b1fd974ef01b3","11","17","51","73","2","2",NA,"2","1","6","3","2","7","teacher","5","5","1","oa"
"5d1511f1e814b800016108a6","3","15","57","67","1","1",NA,"2","1","7","1","1","7","contractor","6","6","1","oa"
"65a96b53f4506426955fcaa0","1","12","53","72","1","1",NA,"2","1","4","3","2","5","Business Owner Childcare and Food Service","5","5","1","oa"
"5a8b61fcf1408d000176b02f","9","21","58","66","2","2",NA,"2","1","3","2","2","5","cook","4","5","1","oa"
"657a6ecc62c29be44b207d5d","8","16","56","68","2","2",NA,"2","1","6","4","3","5","nurse","6","4","1","oa"
"607c9f94cc974d4ea1dc22c8","7","29","57","67","1","1",NA,"2","1","4","3","1","2","customer service representative","2","3","1","oa"
"5cdf2adac194e800187ad97a","2","1","60","65","2","2",NA,"2","1","4","1","1","2","retail","4","4","1","oa"
"65b3dc2f924ee9deee8b40b9","6","13","58","66","1","1",NA,"2","1","4","1","0","6","Consultant","7","5","1","oa"
"653f2424042d03012eb92ef5","2","6","58","67","2","2",NA,"2","1","3","4","1","4","insurance","6","6","1","oa"
"5b33a01fa8327d0001003821","6","29","54","70","2","2",NA,"2","1","3","2","2","4","Homemaker","5","6","1","oa"
"653b00b25d4734b333b03fc9","7","19","59","65","1","1",NA,"2","1","5","3","2","4","mechanic","7","6","1","oa"
"55a28851fdf99b602e6b05dd","6","8","53","71","2","2",NA,"2","1","6","3","1","2","legal support services","3","5","1","oa"
"5834a80a106ee1000120abd3","9","25","59","65","2","2",NA,"2","1","4","2","1","1","Boat captain","2","2","1","oa"
"5e2b74daae56b71b9d24d89b","11","27","56","68","2","2",NA,"2","1","8","2","4","8","Attorney","7","6","1","oa"
"5e2f5b28129198070e2996db","2","26","45","80","2","2",NA,"2","1","6","3","1","4","Customer service representative servicing both customers and company salespeopel","5","5","1","oa"
"65085fb91a4cb8bd22420fef","1","1","89","36","1","1",NA,"2","1","7","1","4","9","manager","8","8","1","oa"
"65748c3df086414ca27768b6","7","10","57","67","1","1",NA,"2","1","7","3","3","8","Certified Athletic Trainer","6","6","1","oa"
"6525a87886c97615b6991402","3","20","51","73","1","1",NA,"2","1","6","4","4","5","Healthcare worker","6","5","1","oa"
"6552428b01eebb19576c567d","3","29","94","71","1","1",NA,"1","2","6","2","3","10","law","5","5","1","oa"
"646fea6f93d07b0354140441","6","30","58","66","1","1",NA,"2","2","6","4","4","8","Architect","7","7",NA,"oa"
"586372cae16d530001b345b8","11","11","57","67","2","2",NA,"2","1","6","3","2","2","Pollster","3","3",NA,"oa"
